Acre,Site,Fire_ants_present,GPS_easting,GPS_northing,Phorids_present,Canopy_cover,Ground_cover,Disturbance,Field_Notes,Name,Total_ants,Solenopsis invicta,Aphenogaster texana,Brachymyermex depilis,Camponotus texanus,Crematogaster laeviuscula,Forelius mccooki,Forelius pruinosis,Monomorium minimum,Neoponera harpax,Odontomachus clarus,Paratrechina terricola,Pheidole dentata,Pheidole bicarinata,Pheidole floridana,Pheidole lamia,Pheidole metallescens,Pheidole pelor,Pheidole tetra,Pheidole hyati,Pseudomyrmex brunneus,Solenopsis texana,Solenopsis geminata,Pheilode hyati,Pheidole consipata,Other species
10,1,Y,617345,3350838,0,1,2,,,Kody Barone,2,2,0,0,0,0,0,0,0,0,0,0,0,0,0,0,0,0,0,0,0,0,0,0,0,
10,2,N,617348,3350836,0,1,1,,Barely any ants,Kody Barone,25,0,0,0,0,0,0,0,0,0,0,0,0,0,25,0,0,0,0,0,0,0,0,0,0,
10,3,N,617333,3350821,0,3,1,,Heavy light on one side,Kody Barone,50,0,0,0,0,0,0,0,0,0,0,0,50,0,0,0,0,0,0,0,0,0,0,0,0,
10,4,N,617331,3350828,0,2,1,,Barely any ants; next to any hill,Kody Barone,5,0,0,0,0,0,0,0,0,0,0,0,0,0,0,0,0,0,0,0,0,5,0,0,0,
10,5,N,617314,3350833,0,3,1,,Wasp,Kody Barone,75,0,0,0,0,0,0,0,0,0,0,0,0,0,0,0,0,0,0,0,0,75,0,0,0,
10,6,Y,617324,3350838,0,3,0,,,Kody Barone,100,100,0,0,0,0,0,0,0,0,0,0,0,0,0,0,0,0,0,0,0,0,0,0,0,
10,7,N,617337,3350849,0,3,1,,,Kody Barone,25,0,0,0,0,0,0,0,0,0,0,0,0,0,25,0,0,0,0,0,0,0,0,0,0,
10,8,N,617359,3350847,0,2,1,,Earthworm,Kody Barone,25,0,0,0,0,0,0,0,0,0,0,0,0,0,0,0,0,0,0,0,0,0,0,0,25,
10,9,N,617369,3350833,0,3,1,,,Kody Barone,25,0,0,0,0,0,0,0,0,0,0,0,25,0,0,0,0,0,0,0,0,0,0,0,0,
10,10,Y,617334,3350860,0,2,1,,,Kody Barone,200,200,0,0,0,0,0,0,0,0,0,0,0,0,0,0,0,0,0,0,0,0,0,0,0,
10,11,N,617342,3350809,0,1,0,,,Kody Barone,75,0,0,0,0,0,0,0,0,0,0,0,75,0,0,0,0,0,0,0,0,0,0,0,0,
10,12,N,617387,3350821,0,2,1,,,Kody Barone,25,0,0,0,0,0,0,0,0,0,0,0,25,0,0,0,0,0,0,0,0,0,0,0,0,
10,13,N,617319,3350811,0,1,1,,,Kody Barone,25,0,0,0,0,0,0,0,0,0,0,0,25,0,0,0,0,0,0,0,0,0,0,0,0,
10,14,N,617372,3350838,0,2,1,,Wasp,Kody Barone,5,0,0,0,0,0,0,0,0,0,0,0,5,0,0,0,0,0,0,0,0,0,0,0,0,
10,15,N,617305,3350835,0,2,1,,,Kody Barone,150,0,0,0,0,0,0,0,0,0,0,0,150,0,0,0,0,0,0,0,0,0,0,0,0,
10,16,N,617295,3350844,0,1,0,,,Kody Barone,50,0,0,0,0,0,0,0,0,0,0,0,50,0,0,0,0,0,0,0,0,0,0,0,0,
11,1,N,617405,3350673,0,0,2,low,,Emily Basquez,100,0,0,0,0,0,0,0,0,0,0,0,100,0,0,0,0,0,0,0,0,0,0,0,0,
11,2,Y,617406,3350647,0,2,2,low,,Emily Basquez,125,125,0,0,0,0,0,0,0,0,0,0,0,0,0,0,0,0,0,0,0,0,0,0,0,
11,3,N,617418,3350632,0,2,1,high,,Emily Basquez,40,0,0,0,0,0,0,0,0,0,0,0,40,0,0,0,0,0,0,0,0,0,0,0,0,
11,4,N,617397,3350624,0,3,2,low,,Emily Basquez,9,0,0,0,0,0,0,0,0,0,0,0,9,0,0,0,0,0,0,0,0,0,0,0,0,
11,5,N,617394,3350656,0,1,1,low,,Emily Basquez,8,0,0,0,0,0,0,0,0,0,0,4,0,0,4,0,0,0,0,0,0,0,0,0,0,
11,6,N,617383,3350643,1,2,1,low,,Emily Basquez,50,0,0,0,0,0,0,0,0,0,0,0,0,0,50,0,0,0,0,0,0,0,0,0,0,
11,7,Y,617356,3350647,0,2,3,low,,Emily Basquez,125,125,0,0,0,0,0,0,0,0,0,0,0,0,0,0,0,0,0,0,0,0,0,0,0,
11,8,N,617366,3350636,0,3,2,low,,Emily Basquez,100,0,0,0,0,100,0,0,0,0,0,0,0,0,0,0,0,0,0,0,0,0,0,0,0,
11,9,Y,617362,3350637,0,2,1,low,,Emily Basquez,500,500,0,0,0,0,0,0,0,0,0,0,0,0,0,0,0,0,0,0,0,0,0,0,0,
11,10,N,617367,3350646,0,2,2,low,,Emily Basquez,50,0,0,0,0,0,0,0,0,0,0,0,0,0,0,0,0,0,0,0,0,50,0,0,0,
11,11,Y,617375,3350648,0,1,1,low,,Emily Basquez,50,50,0,0,0,0,0,0,0,0,0,0,0,0,0,0,0,0,0,0,0,0,0,0,0,
11,12,Y,617373,3350639,0,2,1,low,,Emily Basquez,75,75,0,0,0,0,0,0,0,0,0,0,0,0,0,0,0,0,0,0,0,0,0,0,0,
11,13,N,617377,3350633,0,2,2,low,,Emily Basquez,30,0,0,0,0,0,0,0,0,0,0,0,30,0,0,0,0,0,0,0,0,0,0,0,0,
11,14,N,617373,3350647,0,1,3,low,,Emily Basquez,30,0,0,0,0,0,0,0,0,0,0,0,30,0,0,0,0,0,0,0,0,0,0,0,0,
11,15,N,617392,3350637,0,0,3,high,,Emily Basquez,75,0,0,0,0,0,0,0,0,0,0,0,75,0,0,0,0,0,0,0,0,0,0,0,0,
11,16,N,617391,3350628,0,2,3,low,,Emily Basquez,25,0,0,0,0,0,0,0,0,0,0,0,25,0,0,0,0,0,0,0,0,0,0,0,0,
20,1,Y,617631,3350540,,2,3,,aggressive,Eduardo Baz,500,500,0,0,0,0,0,0,0,0,0,0,0,0,0,0,0,0,0,0,0,0,0,0,0,
20,2,Y,617624,3350530,,1,2,,aggressive,Eduardo Baz,250,250,0,0,0,0,0,0,0,0,0,0,0,0,0,0,0,0,0,0,0,0,0,0,0,
20,3,Y,617613,3350531,,0,3,,,Eduardo Baz,100,100,0,0,0,0,0,0,0,0,0,0,0,0,0,0,0,0,0,0,0,0,0,0,0,
20,4,Y,617613,3350531,,0,2,,,Eduardo Baz,100,100,0,0,0,0,0,0,0,0,0,0,0,0,0,0,0,0,0,0,0,0,0,0,0,
20,5,Y,617620,3350537,,2,1,,,Eduardo Baz,75,75,0,0,0,0,0,0,0,0,0,0,0,0,0,0,0,0,0,0,0,0,0,0,0,
20,6,N,617605,3350545,,3,1,,,Eduardo Baz,20,0,0,0,0,0,0,0,0,0,0,0,20,0,0,0,0,0,0,0,0,0,0,0,0,
20,7,Y,617602,3350540,,1,2,,,Eduardo Baz,75,75,0,0,0,0,0,0,0,0,0,0,0,0,0,0,0,0,0,0,0,0,0,0,0,
20,8,Y,617586,3350526,,2,1,,on transect trail,Eduardo Baz,100,0,0,0,0,0,0,0,100,0,0,0,0,0,0,0,0,0,0,0,0,0,0,0,0,
20,9,N,617590,3350521,,1,1,,on transect trail,Eduardo Baz,100,0,0,0,0,0,0,0,0,0,0,0,100,0,0,0,0,0,0,0,0,0,0,0,0,
20,10,N,617578,3350515,,3,1,,very fast and sparadic movement,Eduardo Baz,75,0,0,0,0,0,100,0,0,0,0,0,0,0,0,0,0,0,0,0,0,0,0,0,0,
20,11,N,617573,3350518,,0,1,,,Eduardo Baz,50,0,0,0,0,0,0,0,0,0,0,0,50,0,0,0,0,0,0,0,0,0,0,0,0,
20,12,N,617578,3350523,,3,1,,very slow moving,Eduardo Baz,150,0,0,0,0,0,0,0,0,0,0,0,150,0,0,0,0,0,0,0,0,0,0,0,0,
20,13,N,617573,3350532,,2,1,,,Eduardo Baz,150,0,0,0,0,0,0,0,0,0,0,0,150,0,0,0,0,0,0,0,0,0,0,0,0,
20,14,Y,617584,3350547,,1,2,,,Eduardo Baz,200,0,0,0,0,0,0,0,100,0,0,0,0,0,0,0,0,0,0,0,0,0,0,0,0,
20,15,N,617588,3350545,,0,3,,,Eduardo Baz,100,100,0,0,0,0,0,0,0,0,0,0,0,0,0,0,0,0,0,0,0,0,0,0,0,
20,16,Y,617606,3350540,,3,2,,,Eduardo Baz,50,50,0,0,0,0,0,0,0,0,0,0,0,0,0,0,0,0,0,0,0,0,0,0,0,
28,1,N,617709,3350505,0,2,1,high,,Sofia Beskid,50,0,0,0,0,0,0,0,0,0,0,0,50,0,0,0,0,0,0,0,0,0,0,0,0,
28,2,N,618099,3350734,0,2,1,high,,Sofia Beskid,300,0,0,0,0,0,0,0,0,0,0,0,300,0,0,0,0,0,0,0,0,0,0,0,0,
28,3,N,617520,3349894,0,2,1,low,,Sofia Beskid,75,0,0,0,0,0,0,0,0,0,0,0,75,0,0,0,0,0,0,0,0,0,0,0,0,
28,4,N,617667,3350603,0,2,1,low,,Sofia Beskid,75,0,0,0,0,0,0,0,0,0,0,0,75,0,0,0,0,0,0,0,0,0,0,0,0,
28,5,Y,618203,3350266,0,2,1,low,,Sofia Beskid,75,0,0,0,0,0,0,0,0,0,0,0,0,0,0,0,0,0,0,0,0,0,0,0,0,
28,6,Y,617520,3349896,0,2,1,low,,Sofia Beskid,100,0,0,0,0,0,0,0,0,0,0,0,0,0,0,0,0,0,0,0,0,0,0,0,0,
28,7,N,617669,3350608,0,2,1,high,,Sofia Beskid,150,0,0,0,0,0,0,0,0,0,0,0,150,0,0,0,0,0,0,0,0,0,0,0,0,
28,8,N,617520,3349894,0,2,1,high,,Sofia Beskid,200,0,0,0,0,0,0,0,0,0,0,0,200,0,0,0,0,0,0,0,0,0,0,0,0,
28,9,N,618202,3350322,0,1,1,low,,Sofia Beskid,10,0,0,0,0,10,0,0,0,0,0,0,0,0,0,0,0,0,0,0,0,0,0,0,0,
28,10,N,617650,3350609,0,2,2,high,,Sofia Beskid,50,0,0,0,0,0,0,0,0,0,0,0,0,0,0,0,0,0,50,0,0,0,0,0,0,
28,11,N,617848,3349800,0,2,2,low,,Sofia Beskid,100,0,0,0,0,0,0,0,0,0,0,0,100,0,0,0,0,0,0,0,0,0,0,0,0,
28,12,N,617636,3350618,0,1,3,low,,Sofia Beskid,100,0,0,0,0,0,0,0,0,0,0,0,100,0,0,0,0,0,0,0,0,0,0,0,0,
28,13,N,617848,3349800,0,0,3,high,,Sofia Beskid,75,0,0,0,0,0,0,0,0,0,0,0,75,0,0,0,0,0,0,0,0,0,0,0,0,
28,14,N,617608,3350625,0,0,3,high,,Sofia Beskid,50,0,0,0,0,0,0,0,0,0,0,0,50,0,0,0,0,0,0,0,0,0,0,0,0,
28,15,N,617636,3350615,0,1,2,low,,Sofia Beskid,50,0,0,0,0,0,0,0,0,0,0,0,50,0,0,0,0,0,0,0,0,0,0,0,0,
28,16,N,617638,3350604,0,2,2,low,,Sofia Beskid,25,0,0,0,0,0,0,0,0,0,0,0,25,0,0,0,0,0,0,0,0,0,0,0,0,
37,1,Y,617233,3350692,0,1,2,high,,NikiConner,145,0,0,0,0,0,0,0,0,0,0,0,0,0,0,0,0,0,0,0,0,0,0,0,0,
37,2,Y,617236,3350686,0,1,2,high,,NikiConner,95,0,0,0,0,0,0,0,0,0,0,0,0,0,0,0,0,0,0,0,0,0,0,0,0,
37,3,Y,617250,3350675,0,1,2,high,,NikiConner,70,0,0,0,0,0,0,0,0,0,0,0,0,0,0,0,0,0,0,0,0,0,0,0,0,
37,4,Y,617261,3350670,0,1,2,high,,NikiConner,70,0,0,0,0,0,0,0,0,0,0,0,0,0,0,0,0,0,0,0,0,0,0,0,0,
37,5,N,617266,3350675,0,1,2,high,,NikiConner,4,0,0,0,0,0,0,0,0,0,0,0,0,0,0,0,0,0,0,0,0,0,0,0,0,
37,6,N,617256,3350684,0,1,2,high,,NikiConner,80,0,0,0,0,0,0,0,0,0,0,0,0,0,0,0,0,0,0,0,0,0,0,0,0,dorymyrmex flavs
37,7,Y,617249,3350690,0,1,2,high,,NikiConner,70,0,0,0,0,0,0,0,0,0,0,0,0,0,0,0,0,0,0,0,0,0,0,0,0,
37,8,Y,617235,3350700,0,1,2,high,,NikiConner,70,0,0,0,0,0,0,0,0,0,0,0,0,0,0,0,0,0,0,0,0,0,0,0,0,
37,9,Y,617249,3350696,0,2,1,low,,NikiConner,145,0,0,0,0,0,0,0,0,0,0,0,0,0,0,0,0,0,0,0,0,0,0,0,0,
37,10,N,617251,3350692,0,2,1,low,,NikiConner,0,0,0,0,0,0,0,0,0,0,0,0,0,0,0,0,0,0,0,0,0,0,0,0,0,
37,11,N,617261,3350695,0,2,1,low,,NikiConner,12,0,0,0,0,0,0,0,0,0,0,0,0,0,0,0,0,0,0,0,0,0,0,0,0,
37,12,N,617261,3350681,0,2,1,low,,NikiConner,0,0,0,0,0,0,0,0,0,0,0,0,0,0,0,0,0,0,0,0,0,0,0,0,0,
37,13,N,617266,3350701,0,2,1,low,,NikiConner,0,0,0,0,0,0,0,0,0,0,0,0,0,0,0,0,0,0,0,0,0,0,0,0,0,
37,14,N,617261,3350698,0,2,2,low,,NikiConner,50,0,0,0,0,0,0,0,0,0,0,0,0,0,0,0,0,0,0,0,0,0,0,0,0,
37,15,N,617253,3350704,0,2,2,low,,NikiConner,50,0,0,0,0,0,0,0,0,0,0,0,0,0,0,0,0,0,0,0,0,0,0,0,0,
37,16,N,617254,3350700,0,2,2,low,,NikiConner,75,0,0,0,0,0,0,0,0,0,0,0,0,0,0,0,0,0,0,0,0,0,0,0,0,
42,1,N,617325,3351060,0,3,1,low,,Lauryn Davis,5,0,0,0,0,0,0,0,0,0,0,0,5,0,0,0,0,0,0,0,0,0,0,0,0,
42,2,N,617321,3351066,0,2,0,high,,Lauryn Davis,125,0,0,0,0,0,0,0,0,0,0,0,0,0,125,0,0,0,0,0,0,0,0,0,0,
42,3,Y,617304,3351059,0,3,0,high,,Lauryn Davis,200,0,0,0,0,0,0,0,0,0,0,0,0,0,0,0,0,0,0,0,0,0,0,0,0,
42,4,N,617292,3351057,0,1,0,high,,Lauryn Davis,1,0,0,0,1,0,0,0,0,0,0,0,0,0,0,0,0,0,0,0,0,0,0,0,0,
42,5,Y,617322,351070,0,0,3,low,,Lauryn Davis,50,0,0,0,0,0,0,0,0,0,0,0,0,0,0,0,0,0,0,0,0,0,0,0,0,
42,6,Y,617388,3351086,0,0,3,low,,Lauryn Davis,150,0,0,0,0,0,0,0,0,0,0,0,0,0,0,0,0,0,0,0,0,0,0,0,0,
42,7,N,617337,3351097,0,2,1,low,,Lauryn Davis,150,0,0,0,0,0,0,0,0,0,0,0,0,0,150,0,0,0,0,0,0,0,0,0,0,
42,8,N,617322,3351099,0,3,0,low,,Lauryn Davis,175,0,0,0,0,0,0,0,0,0,0,0,0,0,150,0,0,0,0,0,0,0,0,0,0,
42,9,N,617333,3351071,0,2,1,low,,Lauryn Davis,10,0,0,0,0,0,0,0,0,0,0,0,10,0,0,0,0,0,0,0,0,0,0,0,0,
42,10,Y,617331,3351103,0,0,2,high,,Lauryn Davis,150,0,0,0,0,0,0,0,0,0,0,0,0,0,0,0,0,0,0,0,0,0,0,0,0,
42,11,N,617308,3351107,0,1,1,low,,Lauryn Davis,50,0,0,0,0,0,0,0,0,0,0,0,0,0,50,0,0,0,0,0,0,0,0,0,0,
42,12,N,617312,3351088,0,2,1,low,,Lauryn Davis,150,0,0,0,0,0,0,0,0,0,0,0,150,0,0,0,0,0,0,0,0,0,0,0,0,
42,13,N,617303,3351089,0,3,1,low,,Lauryn Davis,2,0,0,0,0,0,0,0,0,0,2,0,0,0,0,0,0,0,0,0,0,0,0,0,0,
42,14,N,617321,3351067,0,3,1,low,,Lauryn Davis,150,0,0,0,0,0,0,0,0,0,0,0,150,0,0,0,0,0,0,0,0,0,0,0,0,
42,15,Y,617297,3351079,0,3,1,high,,Lauryn Davis,75,0,0,0,0,0,0,0,0,0,0,0,0,0,0,0,0,0,0,0,0,0,0,0,0,
42,16,N,617293,3351076,0,3,1,high,,Lauryn Davis,25,0,0,0,0,0,0,0,0,0,0,0,25,0,0,0,0,0,0,0,0,0,0,0,0,
39,1,N,617233,3351032,0,2,2,low,3 yellow and black wasps on it,Julia,25,0,0,0,0,0,0,0,0,0,0,0,0,0,25,0,0,0,0,0,0,0,0,0,0,
39,2,N,617225,3351031,0,2,1,low,,Julia,100,0,0,0,0,0,0,0,0,0,0,0,100,0,0,0,0,0,0,0,0,0,0,0,0,
39,3,N,617208,3351025,0,3,1,low,,Julia,125,0,0,0,0,0,0,0,0,0,0,0,0,0,125,0,0,0,0,0,0,0,0,0,0,
39,4,N,617202,3351021,0,1,1,high,,Julia,100,0,0,0,0,0,0,0,0,0,0,0,0,0,100,0,0,0,0,0,0,0,0,0,0,
39,5,N,617237,3351047,0,1,1,low,,Julia,200,0,0,0,0,0,0,0,0,0,0,0,0,0,200,0,0,0,0,0,0,0,0,0,0,
39,6,N,617217,3351053,0,1,3,low,,Julia,50,0,0,0,0,0,0,0,50,0,0,0,0,0,0,0,0,0,0,0,0,0,0,0,0,
39,7,Y,617205,3351060,1,0,1,low,,Julia,150,150,0,0,0,0,0,0,0,0,0,0,0,0,0,0,0,0,0,0,0,0,0,0,0,
39,8,N,617199,3351045,0,3,2,low,,Julia,150,0,0,0,0,0,0,0,0,0,0,0,0,0,150,0,0,0,0,0,0,0,0,0,0,
39,9,N,617186,3351056,0,0,2,low,,Julia,250,0,0,0,0,0,0,0,250,0,0,0,0,0,0,0,0,0,0,0,0,0,0,0,0,
39,10,N,617184,3351047,0,0,3,low,,Julia,200,0,0,0,0,0,0,0,200,0,0,0,0,0,0,0,0,0,0,0,0,0,0,0,0,
39,11,N,617206,3351046,0,2,3,low,,Julia,50,0,0,0,0,0,0,0,50,0,0,0,0,0,0,0,0,0,0,0,0,0,0,0,0,
39,12,N,617201,3351064,0,1,2,low,,Julia,75,0,0,0,0,0,0,0,0,0,0,0,0,0,75,0,0,0,0,0,0,0,0,0,0,
39,13,N,617208,3351049,0,3,2,high,,Julia,100,0,0,0,0,0,0,0,0,0,0,0,0,0,100,0,0,0,0,0,0,0,0,0,0,
39,14,N,617435,3351394,0,0,3,low,,Julia,200,0,0,0,0,0,0,0,200,0,0,0,0,0,0,0,0,0,0,0,0,0,0,0,0,
39,15,N,617210,3351072,0,0,3,low,,Julia,200,0,0,0,0,0,0,0,200,0,0,0,0,0,0,0,0,0,0,0,0,0,0,0,0,
39,16,Y,617191,3351079,1,0,3,low,,Julia,150,150,0,0,0,0,0,0,0,0,0,0,0,0,0,0,0,0,0,0,0,0,0,0,0,
15,1,N,617351,3350679,0,2,3,low,,Jake Doyle,9,0,0,0,0,0,0,0,0,0,0,0,9,0,0,0,0,0,0,0,0,0,0,0,0,
15,2,N,617360,3350691,0,3,1,high,,Jake Doyle,0,0,0,0,0,0,0,0,0,0,0,0,0,0,0,0,0,0,0,0,0,0,0,0,0,
15,3,N,617360,3350691,0,3,1,high,,Jake Doyle,100,0,0,0,0,0,0,0,0,0,0,0,100,0,0,0,0,0,0,0,0,0,0,0,0,
15,4,N,617361,3350711,0,2,0,low,,Jake Doyle,75,0,0,0,0,0,0,0,0,0,0,0,0,0,75,0,0,0,0,0,0,0,0,0,0,
15,5,N,617356,3350704,0,3,1,low,,Jake Doyle,30,0,0,0,0,0,0,0,0,0,0,0,0,0,30,0,0,0,0,0,0,0,0,0,0,
15,6,N,617347,3350702,1,2,1,low,,Jake Doyle,100,0,0,0,0,0,0,0,0,0,0,0,0,0,100,0,0,0,0,0,0,0,0,0,0,
15,7,Y,617336,3350717,0,3,3,low,,Jake Doyle,75,75,0,0,0,0,0,0,0,0,0,0,0,0,0,0,0,0,0,0,0,0,0,0,0,
15,8,N,617332,3350696,0,2,0,low,,Jake Doyle,75,0,0,0,0,0,0,0,0,0,0,0,75,0,0,0,0,0,0,0,0,0,0,0,0,
15,9,N,617366,3350662,0,2,1,low,,Jake Doyle,10,0,0,0,0,0,0,0,0,0,0,0,0,0,10,0,0,0,0,0,0,0,0,0,0,
15,10,Y,617375,3350668,0,1,2,low,,Jake Doyle,47,47,0,0,0,0,0,0,0,0,0,0,0,0,0,0,0,0,0,0,0,0,0,0,0,
15,11,N,617146,3350516,0,3,1,low,,Jake Doyle,3,0,0,0,0,0,0,0,0,0,0,0,3,0,0,0,0,0,0,0,0,0,0,0,0,
15,12,N,617387,3350709,0,3,2,low,,Jake Doyle,35,0,0,0,0,0,0,0,0,0,0,0,0,0,0,0,0,0,0,0,0,35,0,0,0,
15,13,N,617369,3350710,0,2,1,low,,Jake Doyle,150,0,0,0,0,0,0,0,0,0,0,0,0,0,150,0,0,0,0,0,0,0,0,0,0,
15,14,N,617346,3350723,0,3,3,high,,Jake Doyle,0,0,0,0,0,0,0,0,0,0,0,0,0,0,0,0,0,0,0,0,0,0,0,0,0,
15,15,N,617336,3350720,0,1,1,low,,Jake Doyle,100,0,0,0,0,0,0,0,0,0,0,0,0,0,75,0,0,0,0,0,0,0,0,0,0,
15,16,N,617323,3350704,0,2,2,high,,Jake Doyle,75,0,0,0,0,0,0,0,0,0,0,0,0,0,0,0,0,0,0,0,0,75,0,0,0,
60,1,N,617491,3350561,0,0,3,low,"Light, small, super fast ants",Carol Gonzalez,150,0,0,0,0,0,0,150,0,0,0,0,0,0,0,0,0,0,0,0,0,0,0,0,0,
60,2,Y,617495,3350576,0,0,3,low,,Carol Gonzalez,125,125,0,0,0,0,0,0,0,0,0,0,0,0,0,0,0,0,0,0,0,0,0,0,0,
60,3,N,617451,3350548,0,1,2,low,"Sunny when collected, shaded when collected",Carol Gonzalez,150,0,0,0,0,0,0,0,0,0,0,0,0,0,0,0,0,0,0,0,0,150,0,0,0,
60,4,N,617469,3350535,0,1,2,low,"Sunny when collected, shaded when collected",Carol Gonzalez,160,0,0,0,0,0,0,0,0,0,0,0,0,0,0,0,0,0,0,0,0,160,0,0,0,
60,5,Y,617483,3350544,0,3,2,low,In the middle of a patch of Turk's cap: Hot dog and ants fell when collecting. REassmlbed the hot dog and recollected later.,Carol Gonzalez,200,200,0,0,0,0,0,0,0,0,0,0,0,0,0,0,0,0,0,0,0,0,0,0,0,
60,6,N,617487,3350544,0,3,1,high,"Mud build up, near hole",Carol Gonzalez,125,0,0,0,0,0,0,0,0,0,0,0,125,0,0,0,0,0,0,0,0,0,0,0,0,
60,7,Y,617516,3350555,0,1,2,low,,Carol Gonzalez,300,300,0,0,0,0,0,0,0,0,0,0,0,0,0,0,0,0,0,0,0,0,0,0,0,
60,8,Y,617528,3350536,0,1,3,low,Sunny when collected,Carol Gonzalez,100,100,0,0,0,0,0,0,0,0,0,0,0,0,0,0,0,0,0,0,0,0,0,0,0,
60,9,Y,617537,3350533,0,1,2,high,In the middle of the road: ants were crawling out of a little hole in the ground,Carol Gonzalez,100,100,0,0,0,0,0,0,0,0,0,0,0,0,0,0,0,0,0,0,0,0,0,0,0,
60,10,Y,617526,3350548,0,0,3,low,Sunny when collected,Carol Gonzalez,100,100,0,0,0,0,0,0,0,0,0,0,0,0,0,0,0,0,0,0,0,0,0,0,0,
60,11,N,617511,3350547,0,1,3,high,Near a hole I dug earlier in the week when placing falcon tubes in there,Carol Gonzalez,180,0,0,0,0,0,0,0,0,0,0,0,180,0,0,0,0,0,0,0,0,0,0,0,0,
60,12,Y,617489,3350565,0,1,3,low,"Hot dog fell while picking up , Hot dog was highly populated",Carol Gonzalez,19,19,0,0,0,0,0,0,0,0,0,0,0,0,0,0,0,0,0,0,0,0,0,0,0,
60,13,Y,617496,3350578,0,1,3,low,Hot dog fell off spoon somewhere in the hour since I put it and when I came hone,Carol Gonzalez,180,180,0,0,0,0,0,0,0,0,0,0,0,0,0,0,0,0,0,0,0,0,0,0,0,
60,14,Y,617498,3350572,0,0,3,low,"ON edge, next to wall",Carol Gonzalez,175,175,0,0,0,0,0,0,0,0,0,0,0,0,0,0,0,0,0,0,0,0,0,0,0,
60,15,N,617505,3350552,0,0,3,low,"little black ants, move slowly",Carol Gonzalez,16,0,0,0,0,0,0,0,16,0,0,0,0,0,0,0,0,0,0,0,0,0,0,0,0,
60,16,Y,617492,3350558,0,1,3,high,"RIFA, falledn branch",Carol Gonzalez,180,180,0,0,0,0,0,0,0,0,0,0,0,0,0,0,0,0,0,0,0,0,0,0,0,
7,1,N,617218,3351249,0,2,0,low,,Madison Howard,15,0,0,0,0,0,0,0,0,0,0,0,15,0,0,0,0,0,0,0,0,0,0,0,0,
7,2,N,617210,3351259,0,2,1,low,,Madison Howard,25,0,0,0,1,0,0,0,0,0,0,0,24,0,0,0,0,0,0,0,0,0,0,0,0,
7,3,N,617200,3351271,0,3,0,high,many fallen over trees,Madison Howard,2,0,0,0,2,0,0,0,0,0,0,0,0,0,0,0,0,0,0,0,0,0,0,0,0,
7,4,N,617172,3351255,0,3,0,low,beetle,Madison Howard,75,0,0,0,0,0,0,0,0,0,0,0,75,0,0,0,0,0,0,0,0,0,0,0,0,
7,5,N,617173,3351219,0,2,0,high,many fallen over trees,Madison Howard,40,0,0,0,0,0,0,0,0,0,0,0,40,0,0,0,0,0,0,0,0,0,0,0,0,
7,6,N,617166,3351234,0,3,0,low,,Madison Howard,40,0,0,0,0,0,0,0,0,0,0,0,40,0,0,0,0,0,0,0,0,0,0,0,0,
7,7,N,617201,3351254,0,3,0,low,,Madison Howard,7,0,0,0,0,0,0,0,0,0,0,0,7,0,0,0,0,0,0,0,0,0,0,0,0,
7,8,N,617210,3351263,0,3,1,low,,Madison Howard,50,0,0,0,0,0,0,0,0,0,0,0,50,0,0,0,0,0,0,0,0,0,0,0,0,
7,9,N,617237,3351268,0,3,0,low,,Madison Howard,25,0,0,0,0,0,0,0,0,0,0,0,25,0,0,0,0,0,0,0,0,0,0,0,0,
7,10,N,617239,3351323,0,2,1,low,wasps,Madison Howard,0,0,0,0,0,0,0,0,0,0,0,0,0,0,0,0,0,0,0,0,0,0,0,0,0,
7,11,N,617204,3351271,0,3,0,low,,Madison Howard,50,0,0,0,0,0,0,0,0,0,0,0,0,0,0,0,0,0,0,0,0,0,50,0,0,
7,12,N,617184,3351263,0,3,1,low,,Madison Howard,50,0,0,0,0,0,0,0,0,0,0,0,50,0,0,0,0,0,0,0,0,0,0,0,0,
7,13,N,617161,3351233,0,1,1,low,,Madison Howard,75,0,0,0,0,0,0,0,0,0,0,0,75,0,0,0,0,0,0,0,0,0,0,0,0,
7,14,N,617175,3351233,0,3,2,low,,Madison Howard,40,0,0,0,0,0,0,0,0,0,0,0,40,0,0,0,0,0,0,0,0,0,0,0,0,
7,15,N,617163,3351224,0,2,2,low,,Madison Howard,175,0,0,0,0,0,0,0,0,0,0,0,175,0,0,0,0,0,0,0,0,0,0,0,0,
7,16,N,617164,3351205,0,2,0,low,wasps,Madison Howard,3,0,0,0,0,0,0,0,0,0,0,0,3,0,0,0,0,0,0,0,0,0,0,0,0,
55,1,Y,617476,3350464,1,2,1,high,Along fence line,Ryan Kaufhold,125,150,0,0,0,0,0,0,0,0,0,0,0,0,0,0,0,0,0,0,0,0,0,0,0,
55,2,Y,617800,3351357,0,3,1,high,,Ryan Kaufhold,150,0,0,0,0,0,0,0,0,0,0,0,150,0,0,0,0,0,0,0,0,0,0,0,0,
55,3,N,617852,3350916,0,2,2,high,,Ryan Kaufhold,50,0,0,0,0,0,0,0,0,0,0,0,50,0,0,0,0,0,0,0,0,0,0,0,0,
55,4,N,617534,3350410,0,1,0,high,,Ryan Kaufhold,150,0,0,0,0,0,0,0,0,0,0,0,150,0,0,0,0,0,0,0,0,0,0,0,0,
55,5,Y,61822,3349657,0,3,0,high,,Ryan Kaufhold,150,150,0,0,0,0,0,0,0,0,0,0,0,0,0,0,0,0,0,0,0,0,0,0,0,
55,6,N,617751,3350722,0,0,1,high,,Ryan Kaufhold,150,0,0,0,0,0,0,0,150,0,0,0,0,0,0,0,0,0,0,0,0,0,0,0,0,
55,7,N,617733,3351147,0,3,0,low,,Ryan Kaufhold,0,0,0,0,0,0,0,0,0,0,0,0,0,0,0,0,0,0,0,0,0,0,0,0,0,Wasp
55,8,Y,617913,3351276,0,0,3,low,,Ryan Kaufhold,75,75,0,0,0,0,0,0,0,0,0,0,0,0,0,0,0,0,0,0,0,0,0,0,0,
55,9,N,617519,3350460,0,1,1,low,,Ryan Kaufhold,50,0,0,0,0,0,0,0,0,0,0,0,0,0,50,0,0,0,0,0,0,0,0,0,0,
55,10,N,617512,3350456,0,3,1,low,,Ryan Kaufhold,75,0,0,0,0,0,0,0,0,0,0,0,0,0,75,0,0,0,0,0,0,0,0,0,0,
55,11,Y,617502,3350497,0,3,2,low,,Ryan Kaufhold,75,75,0,0,0,0,0,0,0,0,0,0,0,0,0,0,0,0,0,0,0,0,0,0,0,
55,12,N,617497,3350468,0,2,2,low,,Ryan Kaufhold,150,0,0,0,0,0,0,0,0,0,0,0,0,0,0,0,0,0,0,0,0,0,0,0,0,Camponotus Pennslyvanicus
55,13,N,617818,3350874,0,3,1,high,,Ryan Kaufhold,5,0,0,0,0,0,0,0,0,0,0,0,0,0,0,0,0,0,0,0,0,0,0,0,0,
55,14,Y,617698,3350732,0,3,0,high,,Ryan Kaufhold,100,100,0,0,0,0,0,0,0,0,0,0,0,0,0,0,0,0,0,0,0,0,0,0,0,
55,15,Y,617825,3350834,0,3,0,low,,Ryan Kaufhold,150,150,0,0,0,0,0,0,0,0,0,0,0,0,0,0,0,0,0,0,0,0,0,0,0,
55,16,N,617898,3350929,0,1,0,low,,Ryan Kaufhold,50,0,0,0,0,0,0,0,0,0,0,0,0,0,50,0,0,0,0,0,0,0,0,0,0,
51/12,1,Y,617728,3351048,0,1,3,high,,Marcela Morassi,200,0,0,0,0,0,0,0,0,0,0,0,0,0,0,0,0,0,0,0,0,0,0,0,0,
51/12,2,Y,617667,3351294,0,1,1,high,by rock,Marcela Morassi,200,0,0,0,0,0,0,0,0,0,0,0,0,0,0,0,0,0,0,0,0,0,0,0,0,
51/12,3,N,617416,3350884,0,2,3,low,,Marcela Morassi,50,0,0,0,0,0,0,0,0,0,0,0,0,0,0,0,0,0,0,0,0,0,0,0,0,
51/12,4,N,617389,3350861,0,1,1,high,,Marcela Morassi,50,0,0,0,0,0,0,0,0,0,0,0,0,0,0,0,0,0,0,0,0,0,0,0,0,
51/12,5,N,617968,3351170,0,0,0,high,pond adjacent,Marcela Morassi,50,0,0,0,0,0,0,0,0,0,0,0,0,0,0,0,0,0,0,0,0,0,0,0,0,
51/12,6,N,617752,3351042,0,1,1,low,,Marcela Morassi,75,0,0,0,0,0,0,0,0,0,0,0,0,0,0,0,0,0,0,0,0,0,0,0,0,
51/12,7,N,618120,3351255,0,2,2,low,,Marcela Morassi,25,0,0,0,0,0,0,0,0,0,0,0,0,0,0,0,0,0,0,0,0,0,0,0,0,
51/12,8,N,617553,3350931,0,3,3,high,,Marcela Morassi,100,0,0,0,0,0,0,0,0,0,0,0,0,0,0,0,0,0,0,0,0,0,0,0,0,
51/12,9,Y,617365,3350857,0,3,1,high,pond adjacent,Marcela Morassi,100,0,0,0,0,0,0,0,0,0,0,0,0,0,0,0,0,0,0,0,0,0,0,0,0,
51/12,10,N,617985,3351179,0,1,2,high,,Marcela Morassi,100,0,0,0,0,0,0,0,0,0,0,0,0,0,0,0,0,0,0,0,0,0,0,0,0,
51/12,11,N,617373,3350881,0,2,0,low,,Marcela Morassi,50,0,0,0,0,0,0,0,0,0,0,0,0,0,0,0,0,0,0,0,0,0,0,0,0,
51/12,12,N,617555,3350924,0,1,1,low,by rock,Marcela Morassi,3,0,0,0,0,0,0,0,0,0,0,0,0,0,0,0,0,0,0,0,0,0,0,0,0,Pachycondyla harpax
51/12,13,Y,617359,3350879,0,0,3,high,pond adjacent,Marcela Morassi,50,0,0,0,0,0,0,0,0,0,0,0,0,0,0,0,0,0,0,0,0,0,0,0,0,
51/12,14,N,617909,3351129,0,1,1,high,,Marcela Morassi,75,0,0,0,0,0,0,0,0,0,0,0,0,0,0,0,0,0,0,0,0,0,0,0,0,
51/12,15,N,617847,3351108,0,2,1,low,,Marcela Morassi,20,0,0,0,0,0,0,0,0,0,0,0,0,0,0,0,0,0,0,0,0,0,0,0,0,
51/12,16,N,617387,3350845,0,3,1,high,,Marcela Morassi,25,0,0,0,0,0,0,0,0,0,0,0,0,0,0,0,0,0,0,0,0,0,0,0,0,
5,1,N,617208,3351222,0,3,1,high,ants had rolled the hotdog away from the spoon,Lane Morgan,3,0,0,0,0,0,0,0,0,0,0,0,0,0,3,0,0,0,0,0,0,0,0,0,0,1 beetle
5,2,N,617207,3351215,0,2,1,low,,Lane Morgan,180,0,0,0,0,0,0,0,0,0,0,0,0,0,180,0,0,0,0,0,0,0,0,0,0,
5,3,N,617189,3351210,0,3,1,low,,Lane Morgan,250,0,0,0,0,0,0,0,0,0,0,0,250,0,0,0,0,0,0,0,0,0,0,0,0,
5,4,N,617192,3351190,0,2,2,high,3 wasps,Lane Morgan,11,0,0,0,0,0,0,0,0,0,0,0,0,0,11,0,0,0,0,0,0,0,0,0,0,1 vespula
5,5,N,617213,3351171,0,3,0,low,,Lane Morgan,100,0,0,0,0,0,0,0,0,0,0,0,0,0,100,0,0,0,0,0,0,0,0,0,0,
5,6,N,617228,3351194,0,3,0,low,,Lane Morgan,200,0,0,0,0,0,0,0,0,0,0,0,0,0,200,0,0,0,0,0,0,0,0,0,0,
5,7,N,617218,3351198,0,3,0,low,,Lane Morgan,100,0,0,0,0,0,0,0,0,0,0,0,0,0,100,0,0,0,0,0,0,0,0,0,0,
5,8,N,617212,3351180,0,2,1,low,Wasps,Lane Morgan,18,0,0,0,0,0,0,0,0,0,0,0,0,0,18,0,0,0,0,0,0,0,0,0,0,1 vespula
5,9,N,617223,3351172,0,3,1,low,Wasps,Lane Morgan,50,0,0,0,0,0,0,0,0,0,0,0,0,0,50,0,0,0,0,0,0,0,0,0,0,
5,10,N,617223,3351174,0,3,0,low,Wasps,Lane Morgan,0,0,0,0,0,0,0,0,0,0,0,0,0,0,0,0,0,0,0,0,0,0,0,0,0,
5,11,N,617226,3351191,0,3,1,low,4 wasps,Lane Morgan,150,0,0,0,0,0,0,0,0,0,0,0,0,0,150,0,0,0,0,0,0,0,0,0,0,1 vespula
5,12,N,617219,3351152,0,3,1,low,,Lane Morgan,60,0,0,0,0,0,0,0,0,0,0,0,0,0,60,0,0,0,0,0,0,0,0,0,0,
5,13,N,617230,3351183,0,3,0,low,,Lane Morgan,100,0,0,0,0,0,0,0,0,0,0,0,0,0,100,0,0,0,0,0,0,0,0,0,0,
5,14,N,617233,3351197,0,3,0,low,,Lane Morgan,35,0,0,0,0,0,0,0,0,0,0,0,35,0,0,0,0,0,0,0,0,0,0,0,0,
5,15,N,617211,3351200,0,2,0,low,,Lane Morgan,100,0,0,0,0,0,0,0,0,0,0,0,0,0,100,0,0,0,0,0,0,0,0,0,0,
5,16,N,617210,3351190,0,3,0,low,Carpenter ant fighting with wasp; dung beetle,Lane Morgan,1,0,0,0,1,0,0,0,0,0,0,0,0,0,0,0,0,0,0,0,0,0,0,0,0,1 beetle
35,1,Y,617266,3351014,0,1,3,low,,Jessica Recek,150,150,0,0,0,0,0,0,0,0,0,0,0,0,0,0,0,0,0,0,0,0,0,0,0,
35,2,Y,617257,3351005,0,1,3,low,,Jessica Recek,90,90,0,0,0,0,0,0,0,0,0,0,0,0,0,0,0,0,0,0,0,0,0,0,0,
35,3,Y,617294,3350989,1,0,3,low,,Jessica Recek,130,130,0,0,0,0,0,0,0,0,0,0,0,0,0,0,0,0,0,0,0,0,0,0,0,
35,4,N,617295,3350973,0,1,3,low,no insects,Jessica Recek,0,0,0,0,0,0,0,0,0,0,0,0,0,0,0,0,0,0,0,0,0,0,0,0,0,
35,5,Y,617286,3350979,1,0,3,low,,Jessica Recek,120,120,0,0,0,0,0,0,0,0,0,0,0,0,0,0,0,0,0,0,0,0,0,0,0,
35,6,Y,617298,3350969,0,1,3,low,,Jessica Recek,200,200,0,0,0,0,0,0,0,0,0,0,0,0,0,0,0,0,0,0,0,0,0,0,0,
35,7,N,617782,3350839,0,2,2,low,,Jessica Recek,400,0,0,0,0,0,0,0,0,0,0,0,0,0,400,0,0,0,0,0,0,0,0,0,0,
35,8,Y,617274,3351005,0,1,2,low,,Jessica Recek,2,2,0,0,0,0,0,0,0,0,0,0,0,0,0,0,0,0,0,0,0,0,0,0,0,
35,9,N,617762,3351297,0,2,1,low,,Jessica Recek,2,0,0,0,0,0,0,0,0,0,0,0,2,0,0,0,0,0,0,0,0,0,0,0,0,
35,10,Y,617295,3351021,0,2,1,low,,Jessica Recek,300,300,0,0,0,0,0,0,0,0,0,0,0,0,0,0,0,0,0,0,0,0,0,0,0,
35,11,N,617305,3351019,0,3,1,low,,Jessica Recek,250,0,0,0,0,0,0,0,0,0,0,0,0,0,250,0,0,0,0,0,0,0,0,0,0,
35,12,N,617292,3351048,0,3,0,low,wasp,Jessica Recek,50,0,0,0,0,0,0,0,0,0,0,0,50,0,0,0,0,0,0,0,0,0,0,0,0,
35,13,N,617612,3350898,0,3,0,low,,Jessica Recek,100,0,0,0,0,0,0,0,0,0,0,0,100,0,0,0,0,0,0,0,0,0,0,0,0,
35,14,N,617278,3351039,0,3,0,low,,Jessica Recek,225,0,0,0,0,0,0,0,0,0,0,0,0,0,225,0,0,0,0,0,0,0,0,0,0,
35,15,N,617577,3351118,0,3,0,low,wasp,Jessica Recek,2,0,0,0,0,0,0,0,0,0,0,0,2,0,0,0,0,0,0,0,0,0,0,0,0,
35,16,N,617314,3350991,0,3,1,low,red beetles only,Jessica Recek,0,0,0,0,0,0,0,0,0,0,0,0,0,0,0,0,0,0,0,0,0,0,0,0,0,
65,1,N,,,0,1,2,high,On a trail,Jody,75,0,0,0,0,0,0,0,75,0,0,0,0,0,0,0,0,0,0,0,0,0,0,0,0,
65,2,Y,617245,3351032,0,1,2,low,On a trail,Jody,200,200,0,0,0,0,0,0,0,0,0,0,0,0,0,0,0,0,0,0,0,0,0,0,0,
65,3,N,,,0,3,1,low,,Jody,125,0,0,0,0,0,0,0,0,0,0,0,125,0,0,0,0,0,0,0,0,0,0,0,0,
65,4,N,617261,3351046,0,1,2,low,,Jody,125,0,0,0,0,0,0,0,0,0,0,0,125,0,0,0,0,0,0,0,0,0,0,0,0,
65,5,Y,,,0,0,3,low,,Jody,175,175,0,0,0,0,0,0,0,0,0,0,0,0,0,0,0,0,0,0,0,0,0,0,0,
65,6,Y,617194,3351061,0,1,3,low,,Jody,200,200,0,0,0,0,0,0,0,0,0,0,0,0,0,0,0,0,0,0,0,0,0,0,0,
65,7,N,,,0,2,2,high,Wasp,Jody,0,0,0,0,0,0,0,0,0,0,0,0,0,0,0,0,0,0,0,0,0,0,0,0,0,
65,8,N,617226,3351087,0,2,2,high,"On a trail, wasp",Jody,0,0,0,0,0,0,0,0,0,0,0,0,0,0,0,0,0,0,0,0,0,0,0,0,0,
65,9,Y,,,0,2,2,low,,Jody,125,125,0,0,0,0,0,0,0,0,0,0,0,0,0,0,0,0,0,0,0,0,0,0,0,
65,10,Y,617223,3351094,0,2,2,low,,Jody,150,150,0,0,0,0,0,0,0,0,0,0,0,0,0,0,0,0,0,0,0,0,0,0,0,
65,11,N,,,0,3,1,low,Wasp,Jody,0,0,0,0,0,0,0,0,0,0,0,0,0,0,0,0,0,0,0,0,0,0,0,0,0,
65,12,N,617240,3351125,0,3,1,low,,Jody,25,0,0,0,0,0,0,0,0,0,0,0,25,0,0,0,0,0,0,0,0,0,0,0,0,
65,13,N,,,0,2,2,low,,Jody,100,0,0,0,0,0,0,0,0,0,0,0,0,0,100,0,0,0,0,0,0,0,0,0,0,
65,14,N,617240,3351058,0,2,2,low,Wasp,Jody,0,0,0,0,0,0,0,0,0,0,0,0,0,0,0,0,0,0,0,0,0,0,0,0,0,
65,15,N,,,0,3,1,high,,Jody,25,0,0,0,0,0,0,0,0,0,0,0,25,0,0,0,0,0,0,0,0,0,0,0,0,
65,16,N,617269,3351075,0,3,1,high,Very rocky terrain,Jody,50,0,0,0,0,0,0,0,0,0,0,0,50,0,0,0,0,0,0,0,0,0,0,0,0,
42,1,N,617284.01,3350827.71,0,2,0,low,,Sora Sunby,150,0,0,0,0,0,0,0,0,0,0,0,150,0,0,0,0,0,0,0,0,0,0,0,0,
42,2,N,617251.3,3350773.82,0,1,1,low,,Sora Sunby,2,0,0,0,0,0,0,0,0,0,0,0,2,0,0,0,0,0,0,0,0,0,0,0,0,
42,3,N,617242.39,3350842.67,0,3,0,low,,Sora Sunby,5,0,0,0,0,0,0,0,0,5,0,0,0,0,0,0,0,0,0,0,0,0,0,0,0,
42,4,N,617288.94,3350924.08,0,2,0,low,,Sora Sunby,75,0,0,0,0,0,0,0,0,0,0,0,75,0,0,0,0,0,0,0,0,0,0,0,0,
42,5,N,617278.45,3350825.65,0,3,0,low,,Sora Sunby,150,0,0,0,0,0,0,0,0,0,0,0,150,0,0,0,0,0,0,0,0,0,0,0,0,
42,6,N,617312.38,3350801.3,0,2,2,low,,Sora Sunby,125,0,0,0,0,0,0,0,0,0,0,0,125,0,0,0,0,0,0,0,0,0,0,0,0,
42,7,N,617312.52,3350788.55,0,2,0,low,,Sora Sunby,0,0,0,0,0,0,0,0,0,0,0,0,0,0,0,0,0,0,0,0,0,0,0,0,0,
42,8,N,617284.08,3350821.06,1,2,1,low,,Sora Sunby,75,0,0,0,0,0,0,0,0,0,0,0,0,75,0,0,0,0,0,0,0,0,0,0,0,
42,9,N,617263.66,3350796.56,0,3,0,low,,Sora Sunby,100,0,0,0,0,0,0,0,0,0,0,0,100,0,0,0,0,0,0,0,0,0,0,0,0,
42,10,N,617301.06,3350798.3,0,2,0,low,,Sora Sunby,16,0,0,0,0,0,0,0,0,0,0,0,16,0,0,0,0,0,0,0,0,0,0,0,0,
42,11,N,617301.24,3350781.89,0,1,2,low,,Sora Sunby,125,0,0,0,0,0,0,0,0,0,0,0,0,0,125,0,0,0,0,0,0,0,0,0,0,
42,12,N,617268.02,3350803.04,0,2,2,low,,Sora Sunby,29,0,0,0,0,0,0,0,0,0,0,0,0,0,29,0,0,0,0,0,0,0,0,0,0,
42,13,N,617373.18,3350808.27,0,2,1,low,,Sora Sunby,75,0,0,0,0,0,0,0,0,0,0,0,75,0,0,0,0,0,0,0,0,0,0,0,0,
42,14,N,617294.06,3350778.38,0,1,2,low,,Sora Sunby,300,0,0,0,0,0,0,0,0,0,0,0,300,0,0,0,0,0,0,0,0,0,0,0,0,
42,15,N,617257.46,3350818.33,0,1,1,low,,Sora Sunby,120,0,0,0,0,0,0,0,0,0,0,0,0,0,120,0,0,0,0,0,0,0,0,0,0,
42,16,N,617285.69,3350787.6,1,2,2,low,,Sora Sunby,25,0,0,0,0,0,0,0,0,0,0,0,0,0,0,0,0,0,0,0,0,0,0,0,0,
